{
  "id": "default",
  "name": "Default",
  "description": "Clean dark default theme",

  "background": {
    "type": "image",
    "value": "/backgrounds/default.jpg",
    "blur": 0,
    "dim": 0.25,
    "overlayColor": "rgba(0,0,0,0.4)"
  },

  "colors": {
    "text": "#ffffff",
    "secondaryText": "#bdbdbd",
    "accent": "#00aaff",
    "error": "#ff4444",
    "success": "#44ff88",

    "card": "#0b0b0b",
    "button": "#111111",
    "buttonHover": "#1a1a1a",
    "border": "rgba(255,255,255,0.08)"
  },

  "font": {
    "family": "Inter",
    "fallback": "system-ui, -apple-system, BlinkMacSystemFont, sans-serif",
    "weight": 400,
    "letterSpacing": "0.2px"
  },

  "layout": {
    "maxWidth": 420,
    "cardRadius": 18,
    "padding": 24
  },

  "buttons": {
    "radius": 14,
    "height": 52,
    "iconSize": 18,
    "gap": 12,
    "hover": {
      "glow": true,
      "scale": 1.03
    }
  },

  "glow": {
    "enabled": false,
    "color": "#00aaff",
    "intensity": 0,
    "spread": 12
  },

  "badges": {
    "position": "top-right",
    "size": 18,
    "gap": 6,
    "background": "rgba(0,0,0,0.6)",
    "radius": 6
  },

  "avatar": {
    "size": 96,
    "radius": "50%",
    "border": {
      "enabled": false,
      "color": "#00aaff",
      "width": 2
    }
  },

  "cursor": {
    "enabled": false,
    "image": "/cursors/cursor.png",
    "size": 32
  },

  "particles": {
    "enabled": false,
    "type": "dots",
    "count": 0,
    "speed": 0.3
  },

  "music": {
    "enabled": false,
    "autoplay": false,
    "volume": 0.4
  },

  "customCSS": {
    "allowed": true,
    "sandboxed": true
  }
}
